<?xml version="1.0" encoding="UTF-8"?>
<project-private xmlns="http://www.netbeans.org/ns/project-private/1">
    <editor-bookmarks xmlns="http://www.netbeans.org/ns/editor-bookmarks/2" lastBookmarkId="0"/>
    <open-files xmlns="http://www.netbeans.org/ns/projectui-open-files/2">
        <group>
            <file>file:/T:/marspharma/src/AddUser.java</file>
            <file>file:/T:/marspharma/src/UpdateMedicine.java</file>
            <file>file:/T:/marspharma/src/Profile.java</file>
            <file>file:/T:/marspharma/src/common/OpenPdf.java</file>
            <file>file:/T:/marspharma/src/AdminDashboard.java</file>
            <file>file:/T:/marspharma/src/UpdateUser.java</file>
            <file>file:/T:/marspharma/src/ViewBill.java</file>
            <file>file:/T:/marspharma/src/dao/PharmacyUtils.java</file>
            <file>file:/T:/marspharma/src/SellMedicine.java</file>
            <file>file:/T:/marspharma/src/dao/ConnectionProvider.java</file>
            <file>file:/T:/marspharma/src/AddMedicine.java</file>
            <file>file:/T:/marspharma/src/ViewUser.java</file>
        </group>
    </open-files>
</project-private>
